,playerid,name
0,aardsda01,David Allan
1,abadfe01,Fernando Antonio
2,abreujo02,Jose Dariel
3,achteaj01,Adam Joseph
4,ackledu01,Dustin Michael
5,acunaro01,Ronald Jose
6,adamecr01,Cristhian Pascual
7,adamewi01,Willy Rafael
8,adamja01,Jason Kendall
9,adamsau01,Austin David
10,adamsau02,Austin Lance
11,adamsch01,Chance
12,adamsla01,Lane Weston
13,adamsma01,Matthew James
14,adcocna01,Nathan Masler
15,adducji02,Jim Charles
16,adlemti01,Timothy Max
17,adriaeh01,Ehire Enrique
18,affelje01,Jeremy David
19,aguilje01,Jesus Alexander
20,ahmedni01,Nicholas Mark
21,alberan01,Andrew William
22,alberha01,Hanser Joel
23,alberma01,Matthew James
24,albieoz01,Ozhaino Jurdy Jiandro
25,albural01,Alberto Jose
26,alcanar01,Arismendy
27,alcanra01,Raul
28,alcansa01,Sandy
29,alcanvi01,Victor Alfonso
30,alexasc01,Scott Alain
31,alfarjo01,Jorge Mario
32,alforan01,Anthony Joseph
33,allarko01,Kolby Kenneth
34,allenco01,Cody Edward
35,allengr01,Gregory Lomack
36,almonab01,Abraham
37,almonmi01,Miguel Emilio
38,almonye01,Yency
39,almoral01,Reinaldo Albert
40,alonsyo01,Yonder
41,altavda01,Daniel
42,altheaa01,Aaron Samuel
43,altuvjo01,Jose Carlos
44,alvarda01,Dario Rafael
45,alvarda02,Dariel
46,alvarhe01,Henderson Javier
47,alvarjo02,Jose Ricardo
48,alvarjo03,Jose Antonio
49,alvarpe01,Pedro Manuel
50,alvarrj01,Roy Emilio
51,amarial01,Alexi Jose
52,anderbr04,Brett Franklin
53,anderbr05,Bryan Douglas
54,anderbr06,Brian Wade
55,anderch01,Robert Chase
56,anderco01,Cody Andrew
57,anderdr02,Andrew James
58,anderju01,Justin Charles
59,anderta01,Tanner Ackley
60,anderti01,Timothy Devon
61,anderty01,Tyler John
62,andinro01,Robert Lazaro
63,andrejo03,John Francis
64,andrima01,Matthew Lee
65,andruel01,Elvis Augusto
66,andujmi01,Miguel Enrique
67,annade01,Dean William
68,antoldu01,Dustin Kamakana Mai Ku'u Makualani
69,aokino01,Norichika
70,aquinar01,Aristides
71,aquinja01,Jayson Julio
72,aranovi01,Victor Teodoro
73,araujel01,Elvis Alejandro
74,araujpe01,Pedro
75,archech01,Christopher Alan
76,arciafr01,Francisco Antonio
77,arciaor01,Orlando Jesus
78,arciaos01,Oswaldo Celestino
79,arenano01,Nolan James
80,arencjp01,Jonathan Paul
81,ariasjo01,Joaquin
82,armstsh01,Shawn Michael
83,arojo01,Jonathan Arturo
84,arrieja01,Jacob Joseph
85,arroybr01,Bronson Anthony
86,arroych01,Christian Israel
87,ascheco01,Cody James
88,asheral01,Alec Edward
89,ashlene01,Nevin Robert
90,astinba01,Barrett
91,astudwi01,Willians Jose
92,asuajca01,Carlos A.
93,atchisc01,Scott Barham
94,aumonph01,Phillippe
95,austity01,Christopher Tyler
96,aveliab01,Abiatal
97,avilaal01,Alexander Thomas
98,avilalu01,Luis Armando
99,avilemi01,Michael Anthony
100,axelrdy01,Dylan Davis Haines
101,axforjo01,John Berton
102,aybarer01,Erick Johan
103,badenbu01,Burke Heinrich
104,baderha01,Harrison Joseph
105,baezja01,Ednel Javier
106,baezpe01,Pedro Alberys
107,baezsa01,Sandy
108,bailean01,Andrew Scott
109,baileho02,David Dewitt
110,bakerje03,Jeffrey Glen
111,bakersc02,Timothy Scott
112,balesco01,Collin Thomas
113,balfogr01,Grant Robert
114,bandaan01,Frank Anthony
115,bandyje01,Jett Adam
116,banuema01,Manuel
117,barbajo01,John Edward
118,bardlu01,Luke Francis
119,barlosc01,Scott A.
120,barmecl01,Clint Harold
121,barneau01,Austin Scott
122,barnebr02,Brandon Michael
123,barneda01,Darwin James Kunane
124,barneda02,Daniel J.
125,barneja01,Jacob Andrew
126,barnema01,Matthew D.
127,barneto01,Anthony Lee
128,barnhtu01,Tucker Jackson
129,baronst01,Steven Phillip
130,barraky01,Kyle David
131,barreaa01,Aaron James
132,barrefr02,Franklin Jose
133,barreja01,Jake Dalton
134,barrija01,Jaime Jonathan
135,barriyh01,Yhonathan
136,bashlty01,Tyler Morris
137,bassan01,Anthony Edward
138,bassich01,Christopher M.
139,bastaan01,Antonio Francisco
140,bauerja01,Jakob Christopher
141,bauertr01,Trevor Andrew
142,baumabu01,George Charles
143,bautige01,Gerson
144,bautijo02,Jose Antonio
145,bautira01,Rafael Darwing
146,baxtemi01,Michael Joseph
147,beachbr01,Brandon Alan
148,beatope01,Pedro
149,beckch02,Christopher Michael
150,beckhgo01,James Gordon
151,beckhti01,Timothy Lamar
152,bedroca01,Cameron Rock
153,beedety01,Tyler Joseph
154,beeksja01,Jalen Christopher
155,beeleda01,Dallas James
156,beimejo01,Joseph Ronald
157,belisma01,Matthew Thomas
158,belisro01,Ronald J.
159,belivje01,Jeffrey Ryan
160,bellaan01,Andrew James
161,bellch02,Chadwick Micah
162,bellico01,Cody James
163,belljo02,Joshua Evan
164,beltbr01,Brandon Kyle
165,beltrad01,Adrian
166,beltrca01,Carlos Ivan
167,beninan01,Andrew S.
168,benoijo01,Joaquin Antonio
169,beresja01,James Richard
170,bergmch01,Christian Stanford
171,bernido01,Douglas Howell
172,berrijo01,Jose Orlando
173,berryqu01,Quintin Lonell
174,bertijo01,Jonathon David
175,betande01,Dellin
176,betanra01,Rafael Jose
177,bethach01,Christian Gabriel
178,bettich01,Chad Robert
179,bettsmo01,Markus Lynn
180,biagijo01,Joseph Carlo
181,biancje01,Jeffrey Thomas
182,bibenau01,Austin M.
183,biddlje01,Jesse Thomas
184,biebesh01,Shane Robert
185,billich01,Chad Ryan
186,birdgr01,Gregory Paul
187,blachty01,Tyson Michael
188,blackch02,Charles Cobb
189,blackpa01,Paul Cady
190,blackra01,Raymond Anthony
191,blairaa01,Aaron Daniel
192,blairca01,Carson Reynolds
193,blancan01,Andres Eloy
194,blancgr01,Gregor Miguel
195,blandal01,Alessandre
196,blankky01,Kyle Nathaniel
197,blantjo01,Joseph Matthew
198,blashja01,Jabari Jerell
199,blazemi01,Michael Robert
200,bleicje01,Jeremy Michael
201,bleieri01,Richard Sidney
202,blevije01,Jerry Richard
203,bloomwi01,William Paul
204,bochybr02,Brett
205,boescbr01,Brennan Philip
206,bogaexa01,Xander Jan
207,bogusbr01,Brian Thomas
208,bolsimi01,Michael P.
209,bonifem01,Emilio Jose
210,bonifjo01,Jorge Luis
211,bonilli01,Lisalverto
212,borboju01,Julio Alberto
213,bormajo01,John William
214,borucry01,Ryan Joseph
215,boscawi01,Wilfredo Jose
216,boshebu01,Jeffrey Alan
217,bostich01,Christopher Michael
218,boteda01,David C.
219,bourgja01,Jason Jerrod
220,bourjpe01,Peter Christopher
221,bourju01,Justin James
222,bournmi01,Michael Ray
223,bowmama01,Matthew Chou
224,boxbebr01,Bradley George
225,boydma01,Matthew Robert
226,boyerbl01,Blaine Thomas
227,brachbr01,Brad
228,brachsi01,Silvino
229,bradfch02,Chasen David
230,bradlar01,Archie N.
231,bradlja02,Jackie
232,bradlje01,Jedidiah Custer
233,bradymi01,Michael James
234,brantmi02,Michael Charles
235,brantro01,Robert Jacob
236,brasiry01,Ryan David
237,braulst01,Steven Joseph
238,braunry02,Ryan Joseph
239,brebbjo01,John Fulboam
240,bregmal01,Alexander David
241,brentbr01,Bryce Everett
242,breslcr01,Craig Andrew
243,brettry01,Ryan Duane
244,breweco01,Colten B.
245,briceau01,Austin Robert
246,bricejo01,Jose
247,bridwpa01,Parker Alan
248,brighja01,Jacob Daniel
249,brighje01,Jeff John
250,brignre01,Reid Michael
251,brinsle01,Lewis Lamont
252,britoso01,Socrates Orel
253,brittza01,Zachary Grant
254,broadmi01,Michael Allen
255,brookaa01,Aaron Lee
256,brothre01,Rex Colman
257,brownbr02,Brooks Steven
258,browndo01,Domonic Larun
259,browntr01,Trevor Michael
260,broxtjo01,Jonathan Roy
261,broxtke01,Keon Darell
262,bruceja01,Jay Allen
263,brugmja01,Jaycob Hull
264,bryankr01,Kristopher Lee
265,buchada01,David Andrew
266,buchaja01,Jake T.
267,buchhcl01,Clay Daniel
268,buchtry01,Ryan James
269,buehlwa01,Walker Anthony
270,buehrma01,Mark Alan
271,bumgama01,Madison Kyle
272,bummeaa01,Aaron James
273,bundydy01,Dylan Matthew
274,burawda01,Daniel James
275,burdini01,Nicholas Edward
276,burgoen02,Enrique
277,burneaj01,Allan James
278,burneco01,Corbin Brian
279,burnese01,Sean Richard
280,burnsan01,Andrew David
281,burnsbi02,William John
282,burriem01,Emmanuel Allen
283,burrry01,Ryan Matthew
284,buschma01,Matthew David
285,busenal01,Alan Paul
286,bushma01,Matthew Brian
287,bussni01,Nicholas Gregory
288,buterdr01,Andrew Edward
289,butlebi03,Billy Ray
290,butleda01,Daniel John
291,butleed01,Timothy Edward
292,butlejo04,Joseph Frank
293,buttrty01,Ty Douglas
294,buxtoby01,Byron Keiron
295,byrdma01,Marlon Jerrard
296,cabrace01,Cesar Augusto
297,cabreas01,Asdrubal Jose
298,cabreev01,Everth
299,cabrema01,Mauricio Adolfo
300,cabreme01,Melky
301,cabremi01,Jose Miguel
302,cabrera01,Ramon Salvador
303,cahiltr01,Trevor John
304,cainlo01,Lorenzo Lamar
305,cainma01,Matthew Thomas
306,calhoko01,Kole Alan
307,calhowi01,Willie Shawn Lamont
308,calixor01,Orlando
309,callaal01,Alberto Jose
310,callaja01,James Douglas
311,camarjo01,Johan Valentin
312,caminar01,Arquimedes Euclides
313,campber01,Eric Singleton
314,campojo01,Jose Vicente
315,campole01,Leonel Enrique
316,candeje01,Jeimer
317,canhama01,Mark David
318,canoro01,Robinson Jose
319,cappsca01,Carter Lewis
320,capuach01,Christopher Frank
321,carasma01,Matthew Joseph
322,caratvi01,Victor Manuel
323,cardust01,Stephen Andrew
324,carlesh01,Shane Taylor
325,carlybu01,Earl L.
326,carmofa01,Roberto
327,carpeda01,Darrell David
328,carpeda02,David Lee
329,carpema01,Matthew Martin
330,carpery01,Ryan Nicholas
331,carraca01,Carlos Luis
332,carreez01,Ezequiel Manuel
333,carroco01,Cody Mark
334,carrosc02,Scott Alexander
335,cartech02,Vernon Christopher
336,casalcu01,Curtis Michael
337,cashnan01,Andrew Burton
338,casteni01,Nicholas A.
339,castidi01,Diego
340,castifa01,Fabio
341,castijo03,Jose Gregorio
342,castilu02,Luis Miguel
343,castiru01,Rusney
344,castiwe01,Welington Andres
345,castran01,Angel M.
346,castrda01,Daniel Alejandro
347,castrha01,Harold Arnaldo
348,castrja01,Jason Michael
349,castrmi01,Miguel Angel
350,castrsi01,Simon
351,castrst01,Starlin DeJesus
352,caveja01,Andrew Jacob
353,cecchga01,Garin Glenn
354,cecchga02,Gavin Glenn Christopher Joseph
355,cecilbr01,Brett Aarion
356,cecilda01,Darrell Albert
357,cedenxa01,Xavier
358,centeju01,Juan C.
359,cervefr01,Francisco
360,cervehu01,Colby Hunter
361,cespeyo01,Yoenis
362,cessalu01,Luis Enrique
363,chacial01,David Alejandro
364,chacijh01,Jhoulys Jose
365,chafian01,Andrew Gregory
366,chambjo03,Justin Louis
367,chapmar01,Albertin Aroldis
368,chapmke02,Kevin Allen
369,chapmma01,Matt James
370,chargjt01,Jon Thomas
371,chatwty01,Tyler Cole
372,chaveje01,Jesse David
373,chenbr01,Bruce Kastulo
374,chenwe02,Wei-Yin
375,chiriro01,Robinson David
376,chiriyo01,Yonny Enrique
377,chiselo01,Lonnie David
378,choatra01,Randol Doyle
379,choicmi01,Michael Blair
380,choiji01,Ji-Man
381,choosh01,Shin-Soo
382,cimbead01,Adam Christian
383,cingrto01,Anthony Michael
384,ciriape01,Pedro Joel
385,cishest01,Steven R.
386,ciuffni01,Nicholas Anthony
387,claibpr01,Preston Michael
388,claudal01,Alexander
389,clemepa02,Paul Arthur
390,clevest01,Steven Scott
391,clevimi01,Michael Anthony
392,clippty01,Tyler Lee
393,cloydty01,Tyler James
394,coatsja01,Jason Leavell
395,cobbal01,Alexander Miller
396,coghlch01,Christopher B.
397,cokeph01,Phillip Douglas
398,colabch01,Christopher Adrian
399,coleaj01,Andrew Jordan
400,colege01,Gerrit Alan
401,colemdu01,Dustin Michael
402,colemlo01,Harold Louis
403,coleta01,Taylor James
404,colliti01,Timothy Michael
405,collity01,Tyler James
406,collmjo01,Joshua Michael
407,colomal01,Alexander Manuel
408,colonba01,Bartolo
409,colonch01,Christian Anthony
410,colonjo01,Joseph
411,concege01,Gerardo
412,confomi01,Michael Thomas
413,congeha01,Hyun Choi
414,conlead01,Adam Michael
415,conlopj01,Patrick Joshua
416,contrca01,Carlos Manuel
417,contrwi01,Willson Eduardo
418,cookry01,Ryan William
419,cooneti01,Timothy Manus
420,coopega03,Garrett Nicholas
421,copelsc01,Scott Reast
422,corbipa01,Patrick Alan
423,corcida01,Daniel
424,cordefr02,Franchy
425,cordeji01,Jimmy Gerard
426,cordery01,Ryan Thomas
427,cordier01,Erik Michael
428,cordoal01,Allen Octavio
429,cornejo01,John Francis
430,corpoca01,Carlos Fernando
431,correca01,Carlos Javier
432,correke01,Kevin John
433,cortene01,Nestor
434,cosarja01,Jarred Lynn
435,cothaca01,Caleb Kent
436,cottojh01,Jharel Leandre
437,cottsne01,Neal James
438,couloda01,Daniel Paul
439,coveydy01,Dylan Charles
440,cowarka01,Kaleb Bryant
441,cowgico01,Collin Brannen
442,cozarza01,Zachary Warren
443,cozendy01,Dylan Wallace
444,craigal01,Allen Thomas
445,cravyty01,Tyler Jay
446,crawfbr01,Brandon Michael
447,crawfca02,Carl Demonte
448,crawfjp01,John Paul
449,crichst01,Stefan Brook
450,crickky01,Kyle Daniel
451,crispco01,Covelli Loyce
452,crockky01,Kyle Richard
453,croncj01,Christopher John
454,cruzne02,Nelson Ramon
455,cruzrh01,Rhiner Allen
456,cruzto03,Arnoldi Anthony
457,cuddymi01,Michael Brent
458,cuetojo01,Johnny
459,cuevano01,Noel A.
460,cuevawi01,William Enrique
461,culbech01,Charles Edward
462,cumptbr01,Brandon Tyler
463,cunnibr02,Brandon Michael
464,cunnito01,Thomas David
465,curtijo02,John Pickens
466,curtiza01,Zachary Aaron
467,cuthbch01,Cheslor Jesly
468,dahlda01,David Martin
469,danisty01,Tyler Michael
470,danksjo01,John William
471,danksjo02,Jordan Cooper
472,darnach01,Chase Jonathan
473,darnatr01,Travis E.
474,darviyu01,Sefat Farid Yu
475,davidma02,Matthew Glen
476,davieky01,Hiram Kyle
477,davieza01,Zachary Ryan
478,davisau01,Austin Richard
479,davisch02,Christopher Lyn
480,davisik02,Isaac Benjamin
481,davisjd01,Jonathan Gregory
482,davisjo05,Jonathan R.
483,daviskh01,Khristopher Adrian
484,davisra01,Rajai Lavae
485,davisro03,William Theron
486,davista01,Taylor M.
487,daviswa01,Wade Allen
488,daytogr01,Grant A.
489,deanau01,Austin James
490,deanpa02,Patrick Michael
491,deazaal01,Alejandro Alberto
492,deckeco01,Cody Marshall
493,deckeja01,Jaff Kyle
494,dedunsa01,Samuel
495,deetzde01,Dean A.
496,defraju01,Justin Andrew
497,degroja01,Jacob Anthony
498,dejesda01,David Christopher
499,dejesiv02,Ivan
500,dejonch01,Chase Louis
501,dejonpa01,Paul Sterling
502,delabst01,Steven Edward
503,delacjo01,Joel
504,delarjo01,Jorge Alberto
505,delarru01,Rubby Carlos
506,deleojo03,Jose Eugenio
507,delgara01,Randall Enrique
508,delmoni01,Nicholas John
509,delosab01,Abel
510,delosen01,Enyel
511,dendema01,Matthew G.
512,denorch01,Christopher Anthony
513,depaujo02,Jose Alberto
514,dermoma01,Matthew Phillip
515,descada01,Daniel William
516,desclan01,Anthony James
517,deshide02,Delino Diaab
518,desmoia01,Ian M.
519,despaod01,Odrisamer
520,detwiro01,Ross Emery
521,devench02,Christopher Michael
522,deverra01,Rafael Calcano
523,diamosc01,Scott Michael
524,diazal02,Aledmys
525,diazda01,Dayan Enrique
526,diazed04,Edwin Orlando
527,diazel01,Elias David
528,diazja01,Jairo Jose
529,diazjo02,Jonathan
530,diazju03,Jose Rafael
531,diazmi02,Miguel Angel
532,diazya01,Yandy
533,dickeal01,Alexander Ross
534,dickeco01,McKenzie Corey
535,dickera01,Robert Allen
536,dicksok01,O'Koyea Rishaard
537,diekmja01,Jacob Tanner
538,dietrde01,Derek Richard
539,difowi01,Wilmer Francisco
540,dixonbr01,Brandon Allen
541,dominch01,Christopher Omar
542,dominjo01,Jose Alfredo
543,dominma01,Matthew Scott
544,dominse01,Seranthony Ambioris
545,donaljo02,Joshua Adam
546,doolise01,Sean Robert
547,dornda01,Daniel Casey
548,doubrfe01,Felix Antonio
549,doziebr01,James Brian
550,doziehu01,Hunter William
551,drabeky01,Kyle Jordan
552,drakeol01,Oliver Gardner
553,drewst01,Stephen Oris
554,drurybr01,Brandon S.
555,dudalu01,Lucas Christopher
556,duensbr01,Brian Matthew
557,duffety01,Tyler Blinn
558,duffyda01,Daniel Richard
559,duffyma01,Matthew Michael
560,duffyma02,Matthew Edward
561,duggast01,Steven Michael
562,dukeza01,Zachary Thomas
563,dullry01,Ryan Christopher
564,dunnmi01,Michael Glen
565,duvalad01,Adam Lynn
566,dykstal01,Allan Christopher
567,dysonja01,Jarrod Martel
568,dysonsa01,Samuel Isaac
569,easleed01,Edward Michael
570,eatonad02,Adam Cory
571,edginjo01,Joshua Wayne
572,edwarca01,Carl Fleming
573,edwarjo02,Jonathan Benjamin
574,eflinza01,Zachary Adams
575,egeco01,Cody Paul
576,eibnebr01,Brett William
577,eickhje01,Jerad Joseph
578,eliasro01,Roenis
579,ellinbr02,Brian Michael
580,ellisaj01,Andrew James
581,ellsbja01,Jacoby McCabe
582,elmorja01,Jacob David
583,encared01,Edwin Elpidio
584,engelad01,Adam Trevor
585,ennsdi01,Dietrich
586,eovalna01,Nathan Edward
587,erlinro01,Robert Joseph
588,ervinph01,Phillip S.
589,eschja01,Jacob Otto
590,escobal02,Alcides
591,escobed01,Eduardo Jose
592,escobed02,Edwin Jose
593,escobyu01,Yunel
594,espinda01,Daniel Richard
595,espinpa01,Paolo Alesandro
596,estevca01,Carlos Samuel
597,estrama01,Marco Rene
598,ethiean01,Andre Everett
599,evansph01,Phillip Matthew
600,evelada01,Dana James
601,familje01,Jeurys
602,fariaja01,Jacob Daniel
603,farmebu01,George Runie
604,farmeky01,James Kyle
605,farquda01,Daniel Andres
606,farrelu01,Luke Thomas
607,faulkan01,Andrew Michael
608,feathta01,Taylor Joseph
609,feddeer01,Erick James
610,federti01,Timothy Joseph
611,feldmsc01,Scott Wynne
612,felizmi01,Michael
613,felizne01,Neftali
614,ferguca01,Caleb Paul
615,fernajo02,Jose D.
616,fernajo03,Jose Miguel
617,fernajo04,Jose Manuel
618,ferreje01,Jeffrey Alan
619,festama01,Matthew
620,fieldda01,Daniel Leigh
621,fieldjo03,Joshua David
622,fieldjo04,John David
623,fieldpr01,Prince Semien
624,fieldth01,Thomas Samuel
625,fienca01,Casey Michael
626,fiersmi01,Michael Bruce
627,figueco01,Stephen Cole
628,fillmhe01,Heath Devon
629,finnebr01,Brandon Kyle
630,fishede01,Derek Joseph
631,fistedo01,Douglas Wildes
632,flaheja01,Jack Rafe
633,flahery01,Ryan Edward
634,flandyo01,Yohan Carlos
635,fletcda02,David Owen
636,flexech01,Christopher John
637,floreke01,Kendry
638,florera02,Ramon
639,florewi01,Wilmer Alejandro
640,floripe01,Pedro Alexander
641,florody01,Dylan Lee
642,flowety01,Cole Tyler
643,floydga01,Gavin Christopher
644,flynnbr01,Brian A.
645,foltymi01,Michael Gary
646,fontano01,Nolan David
647,fontwi01,Wilmer
648,forsylo01,John Logan
649,fowlede01,William Dexter
650,fowledu01,Dustin Ryan
651,francje01,Jeffrey William
652,francje02,Jeffrey Braden
653,francma02,Maikel Antonio
654,frandke01,Kevin Vincent
655,frankni01,Nicholas Edward
656,frankse01,James Seth
657,frareca01,Caleb Michael
658,frasoja01,Jason Andrew
659,fraziad01,Adam Timothy
660,frazicl01,Clint Jackson
661,frazito01,Todd Brian
662,freelky01,Kyle Richard
663,freemfr01,Frederick Charles
664,freemmi01,Michael Barrett
665,freemsa01,Samuel Douglas
666,freesda01,David Richard
667,freitda01,David Joseph
668,friasca01,Carlos David
669,friedch01,Christian Louis Patrick
670,friedma01,Max Dorian
671,frierer01,Ernesto
672,fryerer01,Eric Joseph
673,fryja01,Jace Hayden
674,frypa01,Paul Raymond
675,fuentre01,Reymond Louis
676,fujikky01,Kyuji
677,fuldsa01,Samuel Babson
678,fulmeca01,Carson Springer
679,fulmemi01,Michael Joseph
680,furbuch01,Charles Roderick
681,gagnodr01,Andrew Miles
682,galero01,Rocky Michael
683,gallaca01,Cameron Joseph
684,gallayo01,Yovani
685,gallegi01,Giovanny
686,gallois01,Isaac
687,gallojo01,Joseph Nicholas
688,galvifr01,Freddy Jose
689,gamboed01,Eduardo Avila
690,gamelbe01,Benjamin Joseph
691,gantjo01,John Michael
692,garcefr01,Frank Yeury
693,garciad01,Adonis
694,garciad02,Jose Adolis
695,garciar01,Aramis Michael
696,garciav01,Avisail Antonio
697,garcigr01,Greg Joseph
698,garcija01,Santiago
699,garcija02,Jaime Omar
700,garcija03,Jason Emilio
701,garcija04,Jarlin Emmanuel
702,garcile02,Leury
703,garcilu03,Luis Amado
704,garcion01,Onelki
705,garciwi01,Willy Camilo
706,garciyi01,Yimi
707,gardeni01,Nick
708,gardnbr01,Brett M.
709,garnedu01,Dustin Thomas
710,garnepe01,Percival
711,garream01,Amir Jamal
712,gartory01,Ryan Patrick
713,garvemi01,Mitchell Lyn
714,garzama01,Matthew Scott
715,gattiev01,James Evan
716,gausmke01,Kevin John
717,gavigsa01,Samuel Joseph
718,gearrco01,Cory Nathanial
719,geedi01,Dillon Kyle
720,geltzst01,Steven Andrew
721,gennesc01,Ryan Joseph
722,gentrcr01,Craig Alan
723,gerbemi01,Michael Jeffrey
724,germado01,Domingo
725,germego01,Gonzalez German
726,giavojo01,Johnny Arthur
727,gibsoky01,Kyle Benjamin
728,gileske01,Kenneth Robert
729,gillaco01,Conor Michael
730,gilleco01,Cole Braden
731,gilmase01,Sean Patrick
732,gimench01,Christopher Paul
733,giolilu01,Lucas Frost
734,girodch01,Chad Alan
735,givenmy01,Mychal Antonio
736,glasnty01,Tyler Allen
737,gloveko01,Koda James
738,godleza01,Zachary Thomas
739,goedder01,Erik Van Norman
740,goeddty01,Tyler David
741,goforda01,David Paul
742,goharlu01,Luiz Henrique
743,goinsry01,Ryan Matthew
744,goldbbr01,Bradley Andrew
745,goldspa01,Paul Edward
746,gombeau01,Austin Zachary
747,gomesbr01,Brandon Paul
748,gomesjo01,Jonathan Johnson
749,gomesya01,Yan
750,gomezca01,Carlos Argelis
751,gomezhe01,Hector Alexis
752,gomezje01,Jeanmar Alejandro
753,gomezmi01,Miguel Angel
754,gomezro01,Roberto Ezequiel
755,gonsast01,Stephen William
756,gonzaad01,Adrian Sabin
757,gonzaal04,Alfredo Rene
758,gonzaca01,Carlos Eduardo
759,gonzach01,Alexander
760,gonzaer01,Erik
761,gonzagi01,Giovany Aramis
762,gonzama01,Marwin Javier
763,gonzama02,Marco Elias
764,gonzame01,Merandy
765,gonzami03,Miguel Angel
766,gonzase01,Severino Yunier
767,goodrni01,Cartier Niko
768,goodwbr01,Brian Christopher
769,goodyni01,Nicholas Gunnar
770,gordoal01,Alex Jonathan
771,gordode01,Devaris
772,gorete01,Terrance J.
773,gorzeto01,Thomas Stephen
774,gosean01,Anthony Robert
775,gosewtu01,James Benjamin
776,gosseda01,Daniel James
777,gosseph01,Philip David
778,gotttr01,Trevor Vaughan
779,gourryu01,Yulieski
780,gracema02,Matthew Aaron
781,grahajr01,Johnathan Ryan
782,grandcu01,Curtis
783,grandya01,Yasmani
784,graniza01,Zachary Thomas
785,grateju01,Juan Jose
786,gravebr01,Brett Thomas
787,graveke01,Kendall Chase
788,grayjo02,Jonathan Charles
789,grayso01,Sonny Douglas
790,greench03,Chad Keith
791,greengr01,Grant Thomas
792,greenni02,Nicholas Richard
793,greensh02,Shane
794,gregelu01,Lucas John
795,greggke01,Kevin Marschall
796,gregodi01,Mariekson Julius
797,greingr01,Grayson James
798,greinza01,Donald Zachary
799,grichra01,Randal Alexander
800,griffaj01,Arthur Joseph
801,grillja01,Jason Michael
802,grimmju01,Justin Scott
803,grossro01,Robert Edward
804,gsellro01,Robert John
805,guaipma01,Mayckol Martin
806,guduare01,Reymin Yojairo
807,guerral01,Alexander
808,guerrde01,Deolis Alexander
809,guerrga01,Gabriel
810,guerrja01,Luis Javier
811,guerrja02,Javier Alexis
812,guerrju02,Junior J.
813,guerrta01,Tayron Luis
814,guerrta02,Christopher Taylor
815,guilllu01,Luis Miguel
816,guilmpr01,Preston Blake
817,gurkaja01,Jason Isidore
818,gurrilo01,Lourdes Yunielki
819,gustaja01,Jandel Francisco
820,guthrje01,Jeremy
821,gutiefr01,Franklin Rafael
822,guyerbr01,Brandon Eric
823,guzmaro01,Ronald Enmanuel
824,gyorkje01,Jedd Lindon
825,haaseer01,Eric Michael
826,haderjo01,Josh Ronald
827,hagadni01,Nicholas Michael
828,haguema01,Matthew Donald
829,hahnje01,Jesse Allen
830,haleda02,David E.
831,haleyju01,Justin Case
832,hallco01,Cody Kevin
833,hallma02,Matthew Thomas
834,hamelco01,Colbert Michael
835,hamilbi02,Billy R.
836,hamilia01,Ian Francis
837,hamiljo03,Joshua Holt
838,hammeja01,Jason Aaron
839,hampsga01,Garrett Reese
840,hancoju01,Justin D.
841,handbr01,Bradley Richard
842,handdo01,Donovan Jay
843,hanhoer01,Eric Dru
844,hanigmi01,Mitchell Evan
845,hanigry01,Ryan Michael
846,hanneja01,Jacob Howard
847,hansoal01,Alen Rery
848,happia01,Ian Edward
849,happja01,James Anthony
850,haranaa01,Aaron Michael
851,hardybl01,Blaine Patrick
852,hardyjj01,James Jerry
853,harenda01,Daniel John
854,harpebr03,Bryce Aron Max
855,harrelu01,Lucas William Bradley
856,harrijo05,Joshua Isaiah
857,harrima01,Matthew Reid
858,harrimi03,Mitchell Andrew
859,harriwi02,William Taylor
860,hartco01,Jon Corey
861,hartdo01,Donnie Scott
862,harvema01,Matthew Edward
863,hatchch02,David Christopher
864,hathast01,Steven Ryland
865,hatlema01,Marcus Allen
866,hauscmi01,Michael
867,hawkila01,LaTroy
868,hayesbr01,Brett Gregory
869,hayesdr01,Andrew Trent
870,haysau01,Austin Charles Brian
871,hazelje01,Jeremy Philip
872,headlch01,Chase Jordan
873,healyry01,Ryon Christopher
874,heanean01,Andrew M.
875,heathsl01,Zachary Slade
876,hechaad01,Adeiny
877,hedgeau01,Austin Charles
878,heisech01,Chris J.
879,hellebe01,Benjamin
880,hellije01,Jeremy Robert
881,hembrhe01,Richard Heath
882,hendeji01,James Duffy
883,hendrky01,Kyle Christian
884,hendrli01,Liam Johnson
885,heredgu01,Guillermo
886,hermomi01,Michael
887,hernaar01,Ariel
888,hernace02,Cesar Augusto
889,hernada01,David Jose
890,hernael01,Elieser Alexis
891,hernaen02,Enrique J.
892,hernafe02,Felix Abraham
893,hernago01,Gorkys Gustavo
894,hernama02,Marco Antonio
895,hernaos01,Oscar Eduardo
896,hernate01,Teoscar Jose
897,herredi01,Dilson Jose
898,herreel01,Elian
899,herrejo03,Jonathan Alejandro
900,herreke01,Kelvin De Jesus
901,herreod01,David Odubel
902,herrero01,Ronald Jose
903,herrero02,Rosell Amado
904,herrmch01,Christopher Ryan
905,herrmfr01,Frank Joseph
906,hessda01,David James
907,hesslke01,Keith Alexander
908,hestoch01,Christopher L.
909,heywaja01,Jason Alias
910,hicksaa01,Aaron Michael
911,hicksjo02,John Austin
912,hicksjo03,Jordan McKinley
913,higasky01,Kyle Harris
914,hildetr01,Trevor Sean
915,hillaa01,Aaron Walter
916,hillri01,Richard Joseph
917,hillta01,David Taylor
918,hillti01,Timothy
919,hinojda01,Dalier
920,hiranyo01,Yoshihisa
921,hochelu01,Luke Anthony
922,hoeslj01,Jerome O'Bryan
923,hoffmje02,Jeffrey Robert
924,holadbr01,John Bryan
925,holdejo02,Jonathan Blake
926,hollade01,Derek Lane
927,hollagr01,Gregory Scott
928,hollima01,Matthew Thomas
929,holmbda01,David A.
930,holmecl01,Clayton Walter
931,holtbr01,Brock Wyatt
932,holtty01,Tyler Andrew
933,hoodde01,Destin Dwane
934,hoovejj01,James Allen
935,hoskirh01,Rhys Dean
936,hosmeer01,Eric John
937,housead01,Adrian David
938,housetj01,Glenn Anthony
939,howarry01,Ryan James
940,howarsa01,Sam James
941,howeljp01,James Phillip
942,hoyinja01,Jared William
943,hoytja01,James Allen
944,huch02,Chih-Wei
945,hudsoda01,Daniel Claiborne
946,hudsoda02,Dakota Ryan
947,hudsojo03,Joseph Thaddeus
948,hudsoti01,Timothy Adam
949,huffda01,David Gregory
950,huffmch01,Chad Daniel
951,hugheja02,William Jared
952,hugheph01,Philip Joseph
953,hundlni01,Nicholas John
954,huntece01,Cedric Scott
955,hunteto01,Torii Kedar
956,hunteto02,Raymond Thomas
957,hurshja01,Jason Brewster
958,hutchdr01,Andrew Scott
959,hwangja01,Jae-gyun
960,hynesco01,Joshua Colt
961,iannech01,Christopher Domenic
962,ibarred01,Edgar Alexander
963,iglesjo01,Jose Antonio
964,iglesra01,Raisel
965,inciaen01,Ender David
966,infangr01,Gregory Alexander
967,infanom01,Omar Rafael
968,iribahe01,Hernan Alcides
969,ishiktr01,Travis Takashi
970,iwakuhi01,Hisashi
971,jacksau01,Austin Jarriel
972,jacksed01,Edwin
973,jacksja01,Randy
974,jackslu01,Luke Ray
975,jacksry02,Ryan Christopher
976,jaimeju01,Juan Jose
977,jamesjo02,Joshua
978,janispa01,Paul Ryan
979,jankojo01,Jordan Jacob
980,jankotr01,Travis Paul
981,janseda01,Daniel Robert
982,janseke01,Kenley Geronimo
983,janssca01,Robert Casey
984,jasojo01,John Edward
985,jayemy01,Myles Joseph
986,jayjo02,Jonathan Henry
987,jeffrje01,Jeremy Ross
988,jenkich01,Stephen Chadwick
989,jenkity01,Tyrell Deon
990,jennida01,Daniel Lee
991,jennide01,Desmond Delane
992,jenseky01,Kyle Gregory
993,jepseke01,Kevin Martin
994,jerezwi01,Williams Alexander
995,jewelja01,Jake R.
996,jimenaj01,Antonio Jamil
997,jimence01,Cesar Enrique
998,jimenjo02,Joe Alexander
999,jimenlu02,Luis Domingo
1000,jimenub01,Ubaldo
1001,johnsbr02,Christopher Brian
1002,johnsch05,Christopher Dalton
1003,johnsda06,Daniel Ryan
1004,johnsdj01,Daniel Stuart
1005,johnser04,Erik Craig
1006,johnsji04,James Robert
1007,johnske05,Kelly Andrew
1008,johnsmi04,Micah Drew
1009,johnspi01,Pierce William
1010,johnsre02,Reed Cameron
1011,johnssh01,Sherman Lee
1012,johnsst02,Steven David
1013,jonesad01,Adam LaMarque
1014,jonesga02,Garrett Thomas
1015,jonesja06,James Steven
1016,jonesja07,JaCoby Mylon
1017,jonesna01,Nathan Andrew
1018,jonesry01,Ryder McKinley
1019,jordata01,Taylor J.
1020,jorgefe01,Felix De Jesus
1021,josepca01,Caleb Martin
1022,josepco01,Corban Raymond
1023,josepto01,Thomas Richard
1024,joycema01,Matthew Ryan
1025,judgeaa01,Aaron James
1026,jungmta01,Taylor Heath
1027,junisja01,Jakob Benjamin Lee
1028,juradar01,Ariel Bolivar
1029,kaczmke01,Kevin
1030,kahnlto01,Thomas Robert
1031,kalisry01,Ryan Michael
1032,kangju01,Jung Ho
1033,karnsna01,Nathan Alan
1034,kawasmu01,Munenori
1035,kazmisc01,Scott Edward
1036,kelake01,Keone Cole
1037,kellebr01,Brad Michael
1038,kellesh01,Shawn Andrew
1039,kellyca01,Casey Patrick
1040,kellyca02,Carson Franklin
1041,kellydo01,Donald Thomas
1042,kellyjo05,Joseph William
1043,kellyry01,William Ryan
1044,kellyty01,Tyler Patrick
1045,kempma01,Matthew Ryan
1046,kempto01,Anthony Allen
1047,kendrho01,Howard Joseph
1048,kendrky01,Kyle Rodney
1049,kennebr02,Brett
1050,kenneia01,Ian Patrick
1051,kensilo01,Logan French
1052,keplema01,Maximilian
1053,kershcl01,Clayton Edward
1054,keuchda01,Dallas
1055,kiebosp01,Spencer John
1056,kiekhde01,Dean Allen
1057,kiermke01,Kevin James
1058,kimbrcr01,Craig Michael
1059,kimhy01,Hyun Soo
1060,kineris01,Isiah
1061,kingesc01,Scott M.
1062,kinghni01,Nicholas Gordon
1063,kinlety01,Tyler Harrison
1064,kinslia01,Ian Michael
1065,kintzbr01,Brandon Lee
1066,kipnija01,Jason Michael
1067,kirkmmi01,Michael Scott
1068,kittran01,Andrew Michael
1069,kivlepa01,Patrick Anthony
1070,kleinph01,Phil William
1071,klubeco01,Corey Scott
1072,knappan01,Andrew Michael
1073,knebeco01,Corey Andrew
1074,knudsgu01,Guido Joel
1075,kochma01,Matthew David
1076,koehlto01,Thomas R.
1077,kohnmi01,Michael Thomas
1078,kolarad01,Adam John
1079,kontoge01,George Nicholas
1080,kopecmi01,Michael Talbert
1081,kozmape01,Peter Michael
1082,krameke01,Kevin Lowell
1083,kratzer01,Erik Floyd
1084,krausma01,Marc S.
1085,krehbjo01,Joseph Roland
1086,krolia01,Ian A.
1087,kubitky01,Kyle Andrew
1088,kuhlch01,Chad Michael
1089,labouja01,Jairo Snaider
1090,lackejo01,John Derran
1091,ladenty01,Tyler James
1092,laffeaa01,Aaron Steven
1093,lafrobo01,Robert Joseph
1094,lagarju01,Juan Osvaldo
1095,lairdge01,Gerald Lee
1096,lakeju01,Junior Osvaldo
1097,lallibl01,Blake Thomas
1098,lamarry01,Ryan M.
1099,lambja01,Jacob Ryan
1100,lambjo02,John Michael
1101,lamboan01,Andrew Francis
1102,lametdi01,Dinelson
1103,larocad01,David Adam
1104,lasteto01,Thomas F.
1105,latosma01,Mathew Adam
1106,lauerer01,Eric Lance
1107,laurera01,Ramon
1108,lavarry01,Ryan Cole
1109,lawde01,Derek Robert
1110,lawreca01,Casey Lee
1111,lawribr01,Brett Russell
1112,layneto01,Thomas Kevin
1113,lazora01,Raudel
1114,leakemi01,Michael Raymond
1115,leathja01,John Victor
1116,leblawa01,Wade Matthew
1117,leclejo01,Jose Ramon
1118,lecursa01,Samuel R.
1119,leebr01,Braxton Russell
1120,leech01,Chen-Chang
1121,leeda02,Dae-ho
1122,leeza01,Zachary Stephen
1123,leitema02,Mark Edward
1124,lemahdj01,David John
1125,leonar01,Alex Arnold
1126,leonar02,Arcenio
1127,leonedo01,Dominic Joseph
1128,leonsa01,Sandy David
1129,lestejo01,Jonathan Tyler
1130,lewicar01,Arthur Michael
1131,lewisco01,Colby Preston
1132,liberad01,Adam Joseph
1133,lightpa01,Patrick James
1134,linceti01,Timothy LeRoy
1135,lindad01,Adam Alan
1136,lindbjo01,Joshua William
1137,lindgja01,Jacob Stephen
1138,lindofr01,Francisco Miguel
1139,lintz01,Tzu-Wei
1140,liriafr01,Francisco Casillas
1141,liriary01,Rymer Omar
1142,litteza01,Zack Stuart
1143,livelbe01,Edward Bennett
1144,lizra01,Radhames Corey
1145,lloydky01,Kyle Christopher
1146,loaisjo01,Jonathan Stanley
1147,lobatjo01,Jose Manuel
1148,lobstky01,Kyle Eric
1149,locasti01,Timothy Donald
1150,lockean01,Andrew Walker
1151,lockeje01,Jeffrey Alan
1152,loewead01,Adam Alexander
1153,loganbo02,Boone
1154,lohseky01,Kyle Matthew
1155,lolliry01,Ryan Matthew
1156,lombast02,Stephen Anthony Paul
1157,loneyja01,James Anthony
1158,longoev01,Evan Michael
1159,lopezja02,Javier Alfonso
1160,lopezjo02,Jorge Yabiel
1161,lopezpa01,Pablo Jose
1162,lopezra02,Rafael Manuel
1163,lopezre01,Reynaldo Starling
1164,lopezyo01,Yoan
1165,lorenmi01,Michael Clifton
1166,loughda01,David Dennis
1167,loupaa01,Aaron Christopher
1168,lowebr01,Brandon Norman
1169,lowema01,Mark Christopher
1170,lowrije01,Jed Carlson
1171,lucasjo02,Joshua Timothy
1172,lucchjo01,Joseph George
1173,lucrojo01,Jonathan Charles
1174,luebkco01,Cory Robert
1175,luetglu01,Lucas Lester
1176,lugoda01,Dawel Leoner
1177,lugose01,Jacob Seth
1178,luplojo01,Jordan Thomas
1179,lylesjo01,Jordan Horton
1180,lynnla01,Michael Lance
1181,lyonsty01,Tyler William
1182,machaan02,Andres Eduardo
1183,machadi01,Dixon Javier
1184,machama01,Manuel Arturo
1185,machije01,Jean Manuel
1186,maddoau01,Austin D.
1187,madsory01,Ryan Michael
1188,maedake01,Kenta
1189,magilma01,Matthew W.
1190,magnida01,Damien Jack
1191,mahlegr01,Gregory Norman
1192,mahlety01,Tyler Fermin
1193,mahtomi01,Michael Anthony
1194,mailelu01,Luke Richard
1195,makitka01,Kazuhisa
1196,maldoma01,Martin Benjamin
1197,manaese01,Sean Anthony
1198,mancitr01,Joseph Anthony
1199,manesse01,Michael Seth
1200,mannbr01,Brandon Michael
1201,manshje01,Jeffrey Michael
1202,mantijo01,Joseph Newman
1203,mapledi01,Dillon Sean
1204,marcush01,Shaun Michal
1205,margoma01,Manuel
1206,marimsu01,Sugar Ray
1207,marinjh01,Jhan Carlos
1208,mariomi01,Michael Ryan
1209,marisja01,Jacob Shawn
1210,marjami01,Michael Gregory
1211,markani01,Nicholas William
1212,marksju01,Justin Michael
1213,marksma01,Matthew Gates
1214,marquge01,German Andres
1215,marquja01,Jason Scott
1216,marrech01,Christopher
1217,marrede01,Deven Sommer
1218,marshev01,Evan Patrick
1219,marteal01,Alfredo
1220,martefr01,Francis Euclides
1221,marteje01,Jefry Leonal
1222,marteke01,Ketel Ricardo
1223,marteke02,Kelvin
1224,martest01,Starling Javier
1225,martica04,Carlos Ernesto
1226,martich02,Christopher Riley
1227,martico01,Cody Matthew
1228,martijd02,Julio Daniel
1229,martijo08,Jose Alberto
1230,martiky01,Kyle Jared
1231,martile01,Leonys
1232,martimi02,Michael Gabriel
1233,martini01,Nicholas Andres
1234,martini02,Nicholas Scott
1235,martira04,Rafael
1236,martiru01,Russell Nathan Coltrane
1237,martivi01,Victor Jesus
1238,masseni01,Nicholas Allen
1239,masteju01,Justin Daniel
1240,mastrda01,Darin Paul
1241,mateoma01,Marcos Aurelio
1242,mathije01,Jeffrey Stephen
1243,matonph01,Phillip Louis
1244,matthry01,Ryan Arthur
1245,matusbr01,Brian Robert
1246,matzety01,Tyler Alexander
1247,matzst01,Steven Jakob
1248,mauerjo01,Joseph Patrick
1249,maurebr01,Brandon Eugene
1250,maxwebr01,Bruce Tyrone
1251,maxweju01,Justin Adam
1252,maybejo02,John Claiborn
1253,maybica01,Cameron Keith
1254,mayermi01,Michael Christopher
1255,mayja02,Jacob Alexander
1256,maytr01,Trevor J.
1257,mayzati01,Timothy Gerard
1258,mazarno01,Nomar Shamir
1259,mazzavi01,Vincent Michael
1260,mazzoco01,Cory Mitchell
1261,mcallza01,Zachary Taylor
1262,mcbrima02,Matthew Hagerty
1263,mccanbr01,Brian Michael
1264,mccanja02,James Thomas
1265,mccarbr01,Brandon Patrick
1266,mccarke01,Kevin Edward
1267,mccread01,Adam Glenn
1268,mcculla02,Lance Graye
1269,mccutan01,Andrew Stefan
1270,mcfartj01,Timothy John
1271,mcgeeja01,Jacob Daniel
1272,mcgehca01,Casey Michael
1273,mcgousc01,Scott Thomas
1274,mcgowdu01,Dustin Michael
1275,mcgowke01,Kevin Michael
1276,mcgowky01,Kyle Keston
1277,mcgraky01,Kyle Daniel
1278,mcguide02,William Deck
1279,mcguire01,Reese Jackson
1280,mchugco01,Collin Alexander
1281,mckenmi01,Michael Charles
1282,mckinbi01,William Landis
1283,mckiran01,Andrew David
1284,mcmahry01,Ryan Patrick
1285,mcneije01,Jeff
1286,mcraeal01,Alex James
1287,meadoau01,Austin Wade
1288,meansjo01,John Alan
1289,medinyo01,Yoervis Jose
1290,medlekr01,Kristopher Allen
1291,meisiry01,Ryan Thomas
1292,mejiaad01,Adalberto
1293,mejiaal01,Alejandro DeJesus
1294,mejiafr01,Francisco Jose
1295,mejiaje01,Jenrry Manuel
1296,melanma01,Mark D.
1297,mellake01,Keury
1298,melviti01,Timothy Macgill
1299,mendero01,Roman Junior
1300,mendeyo01,Yohander Manuel
1301,mengdda01,Daniel Joseph
1302,mercejo03,Jordy Joe
1303,merriry01,Ryan Adam
1304,merriwh01,Whitley David
1305,mesorde01,Devin Douglas
1306,meyeral01,Alex John
1307,meyerbe02,Benjamin K.
1308,middlke01,Keynan Anthony
1309,middlwi01,William Scott
1310,mikolmi01,Miles Tice
1311,mileywa01,Wade Allen
1312,millean01,Andrew Mark
1313,millebr02,Bradley Austin
1314,milleju02,Justin Ryan
1315,millemi01,Michael Ryan
1316,millesh01,Shelby Charles
1317,millsal02,Alec Thomas
1318,millsbr02,Bradley Aaron
1319,milneho01,Hoby Trey
1320,milonto01,Tomaso Anthony
1321,minayju01,Juan Gustavo
1322,minormi01,Michael David
1323,minteaj01,Alex Jordan
1324,miranar01,Ariel
1325,mitchbr01,Bryan Bedford
1326,molinya01,Yadier Benjamin
1327,molledu01,Dustin Douglas
1328,mollsa01,Samuel John
1329,moncayo01,Yoan Manuel
1330,moncrca01,Carlos Antwan
1331,mondera02,Raul Adalberto
1332,moneljo01,Johnny
1333,montafr01,Francelis
1334,monteje01,Jesus Alejandro
1335,montemi01,Miguel Angel
1336,montera01,Rafael
1337,montgjo01,Jordan Blackmon
1338,montgmi01,Michael Paul
1339,mooread01,Adam Ross
1340,moorean02,Andrew George
1341,moorema02,Matthew Cody
1342,moorety01,Tyler Michael
1343,moralfr01,Franklin Miguel
1344,moralke01,Kendrys
1345,moralos01,Osmer Eduardo
1346,moranco01,Colin Richard
1347,morelbr01,Brenton Andre
1348,morelmi01,Mitchell Austin
1349,morendi01,Diego Rafael
1350,morgaad01,Adam Christopher
1351,morimsh01,Shawn Peter
1352,morinmi01,Michael William
1353,morneju01,Justin Ernest George
1354,morofma01,Maxwell Anthony
1355,moronre01,Reyes Armando
1356,morriaj01,Anthony Joseph
1357,morriak01,Akeel J.
1358,morribr01,Avery Bryan
1359,morrilo01,Justis Logan
1360,morrobr01,Brandon John
1361,morsemi01,Michael John
1362,mortoch02,Charles Alfred
1363,moscojo01,Jonathan Solomon
1364,mossbr01,Brandon Douglas
1365,motteja01,Jason Louis
1366,motteta01,Taylor Davis
1367,moustmi01,Michael Christopher
1368,moyaga01,Gabriel Jose
1369,moyast01,Steven
1370,moylape01,Peter Michael
1371,mujiced01,Edward Jose
1372,mulleco01,Conor Joseph
1373,mullice01,Boyce Cedric
1374,muncyma01,Maxwell Steven
1375,munoda01,Daniel Joseph
1376,munozya01,Yairo
1377,muratto01,Toru
1378,murphda07,David Matthew
1379,murphda08,Daniel Thomas
1380,murphjr01,John Ryan
1381,murphto04,Thomas James
1382,murraco01,Colton James
1383,musgrha01,Harrison Scott
1384,musgrjo01,Joseph Anthony
1385,myerswi01,William Bradford
1386,napolmi01,Michael Anthony
1387,naquity01,Tyler Wesley
1388,narvaom01,Omar David
1389,narvech01,Christopher Gregg
1390,nathajo01,Joseph Michael
1391,navada01,Daniel James
1392,navardi01,Dioner Favian
1393,navaref01,Efren
1394,navarre01,Reynaldo
1395,nealza01,Zachary Sheridan
1396,negrokr01,Kristopher David
1397,nelsoji02,James Jacob
1398,nerishe01,Hector
1399,nesbian01,Angel Ladimir
1400,neshepa01,Patrick John
1401,neverdo01,Dovydas
1402,newbeja01,Christopher Jake
1403,newcose01,Sean William
1404,newmake01,Kevin Bradley
1405,ngoepgi01,Mpho' Gift
1406,nicasju01,Juan Ramon
1407,nichobr01,Brett James
1408,nicolju01,Justin Brian
1409,nidoto01,Tomas E.
1410,niesejo01,Jonathon Joseph
1411,nieuwki01,Kirk Robert
1412,nievewi01,Wilbert
1413,nimmobr01,Brandon Tate
1414,nixja02,Jacob James
1415,noelri01,Jablonski Rico
1416,noesihe01,Hector
1417,nolaaa01,Aaron Michael
1418,nolasri01,Carlos Enrique
1419,nolinse01,Sean Patrick
1420,noonani01,Nicholas Murphy
1421,norribu01,David Stefan
1422,norrida01,Daniel David
1423,norride01,Derek Russell
1424,norwoja01,James K.
1425,nottija01,Jacob Andrew
1426,novaiv01,Ivan Manuel
1427,nunezed02,Eduardo Michelle
1428,nunezre01,Renato Rafael
1429,nunovi01,Vidal Vicente
1430,oakstr01,Trevor Scott
1431,obergsc01,Scott Michael
1432,oberhbr01,Brett R.
1433,obriepe04,Peter Robert
1434,odayda01,Darren Christopher
1435,odorija01,Jacob Todd
1436,odorro01,Rougned Roberto
1437,oflaher01,Eric George
1438,ogandal01,Alexi
1439,ogandne01,Nefi Ismael
1440,ogradch01,Christopher Ryan
1441,ohearry01,Ryan Patrick
1442,ohlenro01,Curtis Ross
1443,ohlmami01,Michael Livingston
1444,ohse01,Seunghwan
1445,ohtansh01,Shohei
1446,okertst01,Steven Chandler
1447,olivehe01,Hector
1448,olmosed01,Edgar
1449,olsonma02,Matthew Kent
1450,olsonty01,Tyler Ray
1451,oltmi01,Michael George
1452,omallsh01,Shawn Michael
1453,ondrulo01,Logan Jared
1454,oneilty01,Tyler Alan
1455,orfna01,Nathan
1456,orlanpa01,Paulo Roberto
1457,orourry01,Ryan Patrick
1458,ortegra01,Rafael Angel
1459,ortizda01,David Americo
1460,ortizda02,Daniel
1461,ortizlu02,Luis Francisco
1462,osichjo01,Joshua Michael
1463,osullse01,Sean Daniel
1464,osunajo01,Jose Gregorio
1465,osunaro01,Roberto
1466,oswalco01,Corey Edward
1467,oteroda01,Daniel Anthony
1468,ottavad01,Adam Robert
1469,overtdi01,Dillon Ray
1470,owenshe02,Henry Cole
1471,owingch01,Christopher Scott
1472,ozunama01,Marcell
1473,pachejo01,Jordan Patrick
1474,paganan01,Angel Manuel
1475,paganem01,Emilio Enrique
1476,palkada01,Daniel Bennett
1477,panikjo01,Joseph Matthew
1478,pannoth01,Thomas Edward
1479,papeljo01,Jonathan Robert
1480,pareded01,Eduardo Jose
1481,pareded02,Edward Miguel
1482,paredji01,Jimmy Santiago
1483,parkby01,Byung Ho
1484,parkebl01,Richard Blake
1485,parkeja03,Jarrett Paul
1486,parkeky01,Kyle James
1487,parmech01,Christopher Matthew
1488,parmlia01,Ian Gene
1489,parnebo01,Robert Allen
1490,parrage01,Gerardo Enrique
1491,parrama01,Manuel Alex
1492,parrian01,Andrew Barker
1493,parsowe01,Arthur Wesley
1494,partccu01,Curtis
1495,pattejo03,Jordan Andrew
1496,pattosp01,Spencer Burdette
1497,paulida01,David Confesor
1498,paulsbe01,Benjamin Michael
1499,paxtoja01,James Alston
1500,pazosja01,James Manuel
1501,peacobr01,Bradley J.
1502,pearcst01,Steven Wayne
1503,peavyja01,Jacob Edward
1504,pederjo01,Joc Russell
1505,pedrodu01,Dustin Luis
1506,pegueca01,Carlos Angel
1507,pelfrmi01,Michael Alan
1508,pelhacd01,Christian Devont'a
1509,penaar01,Ariel
1510,penabr01,Brayan Eduardo
1511,penafe01,Felix Ricardo
1512,penafr01,Francisco Antonio
1513,penara02,Ramiro Gauna
1514,pencehu01,Hunter Andrew
1515,pennicl01,Clifton Randolph
1516,peralda01,Senger David
1517,peralfr01,Freddy
1518,peraljh01,Jhonny Antonio
1519,peraljo01,Joel
1520,peralwa01,Wandy Luis
1521,peralwi01,Wily
1522,perazjo01,Jose Francisco
1523,perdolu02,Luis David
1524,perezca02,Carlos Eduardo
1525,perezci01,Cionel Felix
1526,perezeu01,Eury Eduardo
1527,perezhe01,Hernan Alejandro
1528,perezju02,Juan Carlos
1529,perezma02,Martin
1530,perezmi03,Michael
1531,perezol01,Oliver
1532,perezro02,Roberto
1533,perezsa02,Salvador Johan
1534,perezwi01,Williams David
1535,perezye01,Yefri
1536,perkica01,Cameron Edward
1537,perkigl01,Glen Weston
1538,pestavi01,Vincent William
1539,peterdi01,Dillon James
1540,peterdu01,Dustin Allen
1541,peterja01,Jace Ryan
1542,petersh01,Shane Aaron
1543,peterti01,Timothy Louis
1544,petitgr01,Gregorio Jesus
1545,petityu01,Yusmeiro Alberto
1546,petrija01,Jacob Steven
1547,phamth01,Thomas James
1548,phegljo01,Joshua Aaron
1549,phelpda01,David Edward
1550,phillbr01,Brandon Emil
1551,phillbr02,Brett Maverick
1552,phillev01,Evan John
1553,phillza01,Zachary David
1554,pierzaj01,Anthony John
1555,pillake01,Kevin Andrew
1556,pillty01,Tyler Stephen
1557,pimenst01,Stolmy Ramon
1558,pinama01,Manuel Elias
1559,pindebr01,Branden Henry
1560,pindech01,Chadwick Hudson
1561,pinedmi01,Michael Francisco
1562,pinoyo01,Yohan Jose
1563,pintojo01,Josmil Oswaldo
1564,pintori01,Ricardo Antonio
1565,pireljo01,Jose Manuel
1566,piscost01,Stephen Edward
1567,pivetni01,Nicholas Johncarlo
1568,plaweke01,Kevin Jeffrey
1569,plouftr01,Trevor Patrick
1570,plutkad01,Adam Gregory
1571,polangr01,Gregory
1572,polanjo01,Jorge Luis
1573,polloaj01,Allen Lorenz
1574,pomerdr01,Thomas Andrew
1575,pompeda01,Dalton Kenrick
1576,ponceda01,Daniel Robert
1577,porceri01,Frederick Alfred
1578,poseybu01,Gerald Dempsey
1579,poundbr01,Brooks Casey
1580,povsema01,Max Walter
1581,powelbo02,Herschel Mack
1582,poynebo01,Robert William
1583,pradoma01,Martin Manuel
1584,preslal01,Alexander Crawford
1585,pressry01,Thomas Ryan
1586,priceda01,David Taylor
1587,pridija01,Jason Orville
1588,profaju01,Jurickson Barthelomeus
1589,pruitau01,Austin Daniel
1590,puellce01,Cesar David
1591,puigya01,Yasiel
1592,pujolal01,Jose Alberto
1593,purkema01,Matthew Taylor
1594,putnaza01,Steven Zachary McGuire
1595,quackke01,Kevin Robert
1596,quallch01,Chad Michael
1597,quereju01,Juniel Alberto
1598,quinnro01,Roman Tredarian
1599,quintjo01,Jose Guillermo
1600,raburry01,Ryan Neil
1601,raineta01,Tanner Scott
1602,ramiral03,Alexei Fernando
1603,ramirar01,Aramis
1604,ramirca01,Carlos Alejandro
1605,ramirer02,Erasmo Jose
1606,ramirha01,Hanley
1607,ramirjc01,Juan Carlos
1608,ramirjo01,Jose Enrique
1609,ramirjo02,Jose Altagracia
1610,ramirne01,Neil Andrew
1611,ramirno01,Noe
1612,ramirye01,Yefry
1613,ramosaj01,Alejandro
1614,ramosce01,Cesar
1615,ramosed02,Edubray Eduar
1616,ramoswi01,Wilson Abraham
1617,ranauan01,Anthony Ronald
1618,rasmuco01,Colby Ryan
1619,rasmuco02,Cory Taylor
1620,rasmuro01,Robert Paul
1621,ravinjo01,Joshua Joseph
1622,rayro02,Robert Glenn
1623,reaco01,Colin D.
1624,readra01,Raudy Miguel
1625,realmjt01,Jacob Tyler
1626,rearich01,Christopher Timothy
1627,reckean01,Anthony Vito
1628,reddijo01,William Joshua
1629,redmoto01,Todd Richard
1630,reedad01,Addison Devon
1631,reedaj01,Andrew Joseph
1632,reedch01,Christopher William
1633,reedco01,Cody Austin
1634,reedmi02,Michael Benton
1635,refsnro01,Robert Daniel
1636,reidfse01,Sean Ian
1637,reimono01,Nolan G.
1638,reinhja01,John Patrick
1639,reiniza01,Zachary Ryan
1640,rendato01,Anthony John
1641,rendoan01,Anthony Michael
1642,renfrhu01,Dustin Hunter
1643,reverbe01,Ben Daniel
1644,reyesal02,Alexander
1645,reyesfr01,Franmil Federico
1646,reyesje01,Jesus Enmanuel
1647,reyesjo01,Jose Bernabe
1648,reyesjo03,Joseph Albert
1649,reyespa01,Pablo
1650,reyesvi01,Victor Jose
1651,reynoma01,Mark Andrew
1652,reynoma02,Matthew Paul
1653,reynoma03,Matthew William
1654,rhameja01,Jacob Alan
1655,richacl01,Clayton Colby
1656,richaga01,Garrett Thomas
1657,richatr01,Trevor Michael
1658,rickajo01,Joseph Mark
1659,riddljt01,Joshua Travis
1660,riefecj01,Charles Joseph
1661,rienzan01,Andre Albanez
1662,riosal01,Alexis Israel
1663,riosya01,Yacksel
1664,riverfe01,Felipe Javier
1665,riverre01,Rene
1666,rivertj01,Thomas Javier
1667,riverya01,Yadiel
1668,rizzoan01,Anthony Vincent
1669,roachdo01,Donn Mitchell
1670,roarkta01,Tanner B.
1671,roberda08,David Alan
1672,roberda09,Daniel Roger
1673,roberda10,Daniel Ray
1674,roberke02,Kenneth Elwin
1675,robincl01,Clinton Michael
1676,robindr01,Drew Elliott
1677,robinsh01,Shane Michael
1678,robleha01,Hansel Manuel
1679,roblevi01,Victor Enrique
1680,rodgebr01,Brady Paul
1681,rodnefe01,Fernando
1682,rodonca01,Carlos Antonio
1683,rodrial01,Alexander Enmanuel
1684,rodride01,Ivan Dereck
1685,rodried05,Eduardo Jose
1686,rodrife02,Fernando
1687,rodrifr03,Francisco Jose
1688,rodrije01,Jefry Osvaldo
1689,rodrijo04,Joely
1690,rodriri04,Ricardo Jose
1691,rodriri05,Richard Agustin
1692,rodriro03,Ronny
1693,rodrise01,Sean John
1694,rodrist02,Steven Francis
1695,rodriwa01,Wandy Fulton
1696,roech01,Chaz Daniel
1697,rogeres01,Esmil Antonio
1698,rogerja02,Jason Douglas
1699,rogerjo01,Joshua Cole
1700,rogerta01,Taylor Allen
1701,rojasmi02,Miguel Elias
1702,rollida01,David Dwane
1703,rolliji01,James Calvin
1704,romakja01,James Robert
1705,romansa01,Salvatore J.
1706,romeren01,Enny Manuel
1707,romerfe01,Fernando Ernesto
1708,romerst01,Stefen Daniel
1709,rominan01,Andrew James
1710,rominau01,Austin Allen
1711,romose01,Sergio Francisco
1712,rondobr01,Bruce
1713,rondohe01,Hector Luis
1714,rondojo01,Jorge Leonardo
1715,rondojo02,Jose Gregorio
1716,rosalad01,Adam Marcos
1717,rosaral01,Alberto
1718,rosaram01,German Amed
1719,rosared01,Eddie Manuel
1720,rosarra01,Randy Miguel
1721,rosarwi01,Wilin Arismendy
1722,rosentr01,Trevor Jordan
1723,rosinse01,Seth Daniel
1724,rossco01,Cody Joseph
1725,rosscza01,Zachary M.
1726,rossda01,David Wade
1727,rossjo01,Joseph Andrew
1728,rossro01,Robert Charles
1729,rossty01,Tyson William
1730,rothmi01,Michael Thomas
1731,rowenbe01,Benjamin Ramon
1732,rowlech01,Christopher Ryan
1733,ruary01,Ryan Anthony
1734,rucindr01,Andrew James
1735,rufda01,Darin Cortland
1736,ruggiju01,Justin Marshall
1737,ruizca01,Carlos Joaquin
1738,ruizjo01,Jose Rafael
1739,ruizri01,Rio Noble
1740,rumbeni01,Nicholas Bruno
1741,runzlda01,Daniel Joseph
1742,ruppca01,Cameron Arthur
1743,rusinch01,Christopher Patrick
1744,russead02,Addison Wayne
1745,russeja02,James Clayton
1746,rutlejo01,Joshua Alan
1747,ryanbr01,Brendan Wood
1748,ryanky01,Kyle
1749,ryuhy01,Hyun-Jin
1750,rzepcma01,Marc Walter
1751,sabatcc01,Carsten Charles
1752,sadleca02,Casey Scott
1753,sadzeco01,Connor William
1754,saladty01,Tyler Artolo
1755,salasfe01,Noel Fernando
1756,salazda01,Daniel Dariel
1757,salech01,Christopher
1758,saltaja01,Jarrod Scott
1759,samarje01,Jeffrey Alan
1760,sampsad01,Adrian David
1761,sampske01,Keyvius N.
1762,sanchaa01,Aaron Jacob
1763,sanchad01,Adrian Arturo
1764,sanchan01,Anibal Alejandro
1765,sanchan03,Angel Luis
1766,sanchca01,Yolmer Carlos
1767,sanchga02,Gary
1768,sanchhe01,Hector Enrique
1769,sanchto01,Jorge Anthony
1770,sandopa01,Pablo Emilio
1771,sandsje01,Gerald Robert
1772,sanomi01,Miguel Angel
1773,santaan02,Anthony Roger
1774,santaca01,Carlos
1775,santada01,Daniel Ernesto
1776,santade01,Dennis Anfernee
1777,santado01,Domingo Alberto
1778,santaed01,Edgar
1779,santaer01,Ervin Ramon
1780,santihe01,Hector Felipe
1781,santolu01,Luis Gustavo
1782,santose01,Sergio Jose
1783,sardilu01,Luis Alexander
1784,saundmi01,Michael Edward Brett
1785,saupowa01,Warwick Anthony
1786,scahiro01,Robert Joseph
1787,schafjo02,Jordan James
1788,schaflo01,Logan Edward
1789,schebsc01,Scott Anthony
1790,schepta01,Tanner Ross
1791,scherma01,Maxwell M.
1792,schimry01,Ryan Michael
1793,schlibr01,Brian Patrick
1794,schoojo01,Jonathan Rufino Jezus
1795,schugaj01,Andrew Jeffrey
1796,schulbo02,Patrick Bowen
1797,schulja02,Jaime Matthew
1798,schumsk01,Jared Michael
1799,schuspa01,Patrick James
1800,schwaky01,Kyle Joseph
1801,scottro02,Robert John
1802,scottta01,Tanner Alexander
1803,scribev01,Evan Lee
1804,scribtr01,Troy Alex
1805,scrugxa01,Xavier Ladel
1806,seageco01,Corey Drew
1807,seageky01,Kyle Duerr
1808,segedro01,Robert Mitchell
1809,segurje01,Jean Carlos Enrique
1810,selskst01,Steven Garth
1811,semiema01,Marcus Andrew
1812,senzaan01,Antonio
1813,severlu01,Luis
1814,severpe01,Pedro
1815,sewalpa01,Paul Stanton
1816,shackke01,Kevin Russell
1817,shafeju01,Justin Healy
1818,shaffri01,Richard Michael
1819,shawbr01,Bryan Anthony
1820,shawch01,Christopher James
1821,shawtr01,Travis R.
1822,sheffju01,Justus Kane
1823,sherfji01,James Harold
1824,sherrry01,Ryan Sebastian
1825,shielja02,James Anthony
1826,shiplbr01,Braden Alec
1827,shoemma01,Matthew David
1828,shrevch01,Chasen Dean
1829,shuckja01,Jack Burdett
1830,siegrke01,Kevin Ryan
1831,sierrma01,Magneuris
1832,sierrmo01,Moises
1833,simmoan01,Andrelton A.
1834,simmosh01,Shae Austin
1835,simonal01,Alfredo
1836,simslu01,Lucas Sundberg
1837,singljo02,Jonathan Lee
1838,sippto01,Tony Marcel
1839,siscoch01,Chance Thomas Leo
1840,sizemgr01,Grady
1841,skaggty01,Tyler Wayne
1842,skogler01,Eric L.
1843,skolema01,Matthew Thomas
1844,slanida01,Daniel Alexander
1845,slateau01,Austin Thomas
1846,slegeaa01,Aaron Allan
1847,smithbl01,Blake Matthew
1848,smithbu03,Burch Taylor
1849,smithca02,Carson Donald
1850,smithca03,Caleb Anthony
1851,smithch07,Christopher Michael
1852,smithch08,Chad Dennis
1853,smithch09,Christopher Patrick
1854,smithdo02,Dominic David Rene
1855,smithdr01,Andrew David
1856,smithdw02,John Dwight
1857,smithja06,Jacob Matthew
1858,smithjo05,Joseph Michael
1859,smithjo07,Joshua Allen
1860,smithke04,Kevan Alan
1861,smithma05,Mallex Lydell
1862,smithmu01,Murphy
1863,smithse01,Garry Seth
1864,smithty01,Tyler Douglas
1865,smithwi04,William Michael
1866,smoakju01,Justin Kyle
1867,smokejo01,Joshua Michael
1868,smolija01,Jacob Michael
1869,smylydr01,Todd Andrew
1870,snellbl01,Blake Ashton
1871,sneltdj01,Donald Marek
1872,snidetr01,Travis James
1873,snydebr03,Brandon Roger
1874,sobotch01,Chad Nicholas
1875,socolmi01,Miguel Angel
1876,sogarer01,Eric Sidney
1877,solando01,Donovan
1878,solanjh01,Jhonatan
1879,solarya01,Yangervis Alfredo
1880,solerjo01,Jorge Carlos
1881,solissa01,Samuel Robert
1882,somsela01,Layne R.
1883,soriajo01,Joakim Agustin
1884,soriara01,Rafael
1885,sorokmi01,Michael John Graydon
1886,sosaed01,Edmundo
1887,sotoge01,Geovany
1888,sotogi01,Giovanni Luis
1889,sotoju01,Juan Jose
1890,souzast01,Steven Jeffrey
1891,spande01,Keiunta Denard
1892,spangco01,Cory Joseph
1893,sparkgl01,Glenn Michael
1894,springe01,George Chelston
1895,sprinje01,Jeffrey Scott
1896,stallja01,Jacob Daniel
1897,stammcr01,Craig N.
1898,stanery01,Ryne Thomas
1899,stanlco01,Cody Franklin
1900,stantmi03,Giancarlo Cruz-Michael
1901,stassbr01,Brock James
1902,stassma01,Max Robert
1903,staufti01,Timothy James
1904,steckdr01,Andrew Paul
1905,stephja01,Jackson Tanner
1906,stephro01,Robert William
1907,stevean01,Andrew Patrick
1908,stewabr01,Brock Allen
1909,stewach01,Christopher David
1910,stewach02,Christin Gaylin Harris
1911,stewadj01,Demetrius Jerome
1912,stewako01,Kohl Robert
1913,stitema01,Matthew Steven
1914,stockro01,Robert Anthony
1915,storedr01,Drew Patrick
1916,storytr01,Trevor John
1917,stouter01,Eric Joseph
1918,strahma01,Matthew Scott
1919,straida01,Daniel Steven
1920,strasst01,Stephen James
1921,stratch01,Christopher Lee
1922,straury01,Ryan Lee
1923,strawmy01,Myles James Noble
1924,streehu01,Huston Lowell
1925,strichu01,Hunter Drew
1926,stripro01,Thomas Ross
1927,stromma01,Marcus Earl
1928,stroppe01,Pedro Angel
1929,stubbdr01,Robert Andrew
1930,stulter01,Eric William
1931,stumpda01,Daniel Arthur
1932,sturdty01,Tyler James
1933,suareal01,Albert Joe
1934,suarean01,Andrew Jose
1935,suareeu01,Eugenio Alejandro
1936,suarera01,Ranger
1937,sucreje01,Jesus Marcelo
1938,suerowa01,Wander
1939,surkaer01,Eric Michael
1940,susacan01,Andrew John
1941,suterbr01,Brent Michael
1942,suzukic01,Ichiro
1943,suzukku01,Kurt Kiyoshi
1944,swansda01,James Dansby
1945,swarzan01,Anthony Ray
1946,sweenda02,Darnell Thomas
1947,swihabl01,Blake Aubry
1948,swishni01,Nicholas Thomas
1949,syndeno01,Noah Seth
1950,szczuma01,Matthew
1951,tabatjo01,Jose Nicolas
1952,taijetr01,Travis Nathaniel
1953,taillja01,Jameson Lee
1954,tanakma01,Masahiro
1955,tapiara01,Raimel Antonio
1956,tarplst01,Stephen Nicholas
1957,tartatr01,Travis Scott
1958,tauchmi01,Michael Robert
1959,taylobe03,Benjamin Alan
1960,taylobe04,Beau Ritchie
1961,tayloch03,Christopher Armand
1962,taylomi02,Michael Anthony
1963,tazawju01,Junichi
1964,teafoev01,Everett James
1965,teagata01,Taylor Hill
1966,teherju01,Julio Alberto
1967,teixema01,Mark Charles
1968,tejadru01,Ruben Dario
1969,telisto01,Tomas
1970,tellero01,Ryan John
1971,teperry01,Dennis Ryan
1972,tepesni01,Nicholas James
1973,terdojo01,Joseph Thomas
1974,thameer01,Eric Allyn
1975,thatcjo01,Joseph
1976,thayeda01,Dale Scott
1977,therrje01,Jesen
1978,thielca01,Caleb John
1979,tholejo01,Joshua Michael
1980,thomaia01,Ian Drew
1981,thompaa01,Aaron Marshall
1982,thompja03,Jacob Keith
1983,thomptr01,Trayce Nikolas
1984,thornma01,Matthew J.
1985,thornty01,Tyler Michael
1986,tillmch01,Christopher Steven
1987,tilsoch01,Charles Everett
1988,toccica01,Carlos Daniel
1989,tolesan01,Alvin Andrew
1990,tollesh01,Shawn Mark
1991,tollest01,Steven Wayne
1992,tollias01,Ashur Jordan
1993,tomasya01,Yasmany
1994,tomlijo01,Joshua Aubry
1995,tomlike01,Kelby Aaron
1996,tonkimi01,Michael Harvey
1997,torreal01,Alexander Jesus
1998,torreca01,Carlos Ephriam
1999,torregl01,Gleyber David
2000,torrejo02,Jose Marcos
2001,torrelu01,Luis Alfonso
2002,torrera01,Ramon Alexander
2003,torrero01,Ronald Alcides
2004,toussto01,Dany Gilbert Kiti
2005,tracyma01,Matthew J.
2006,trahabl01,Blake Matthew
2007,travide01,Devon Anthony
2008,travisa01,Samuel John
2009,treinbl01,Blake M.
2010,trevijo01,Jose
2011,triggan01,Andrew Austin
2012,trivilo01,Lou Albert
2013,tropeni01,Nicholas Paul
2014,troutmi01,Michael Nelson
2015,trumbma01,Mark Daniel
2016,tsaoch01,Chin-hui
2017,tsengje01,Jen-Ho
2018,tuckeky01,Kyle Daniel
2019,tuckepr01,Preston M.
2020,tuiasma01,Matthew Petelu
2021,tuivasa01,Samuel Johnathan
2022,tulowtr01,Troy Trever
2023,turleni01,Nikolas Carlyle
2024,turnbsp01,Spencer Ketcham
2025,turneja01,Jacob Edward
2026,turneju01,Justin Matthew
2027,turnest01,Randy Stuart
2028,turnetr01,Trea Vance
2029,ueharko01,Koji
2030,ugglada01,Daniel Cooley
2031,underdu01,Duane Lee
2032,uptonbj01,Melvin Emanuel
2033,uptonju01,Justin Irvin
2034,urenajo01,Jose Miguel
2035,urenari01,Richard
2036,uriasju01,Julio Cesar
2037,uriaslu01,Luis Fernando
2038,uribeju01,Juan C.
2039,urruthe01,Henry Alexander
2040,urshegi01,Giovanny
2041,utleych01,Chase Cameron
2042,valaipa01,Patrick Ryne
2043,valbulu01,Luis Adan
2044,valdece01,Cesar Miguel
2045,valdefr01,Framber
2046,valdejo02,Jordany V.
2047,valdejo03,Jose Alfredo
2048,valenda01,Daniel Paul
2049,valenje01,Jesmuel Jose
2050,valerbr01,Breyvic Jose
2051,vanslsc01,Scott T.
2052,vargace01,Cesar
2053,vargail01,Ildemaro Jose
2054,vargaja01,Jason Matthew
2055,vargake01,Kennys
2056,varvaan01,Anthony Michael
2057,vasquan02,Andrew Jude
2058,vastoje01,Gerard Joseph
2059,vazquch01,Christian Rafael
2060,vealdo01,Donald Tyrone
2061,velasvi01,Vincent John
2062,velazan01,Andrew
2063,velazhe01,Hector
2064,venabwi01,William Dion
2065,vendipa01,Patrick Michael
2066,ventejo01,Jonathan William
2067,ventuyo01,Yordano
2068,verdual01,Alex Brady
2069,verhadr01,Drew Edward
2070,verlaju01,Justin Brooks
2071,verrelo01,Scott Logan
2072,victosh01,Shane Patrick
2073,vieirth01,Thyago da Silva
2074,vielmen01,Engelb Stalin
2075,villaca01,Carlos Manuel
2076,villach01,Christian
2077,villajo01,Jonathan Rafael
2078,villape01,Pedro A.
2079,vilorme01,Meibrys John
2080,vinceni01,Nicholas James
2081,vinceza01,Zachary Laine
2082,vizcaar01,Arodys
2083,vogelda01,Daniel
2084,vogelry01,Ryan Andrew
2085,vogtst01,Stephen Guy
2086,voitlu01,Louis Linwood
2087,volqued01,Edinson
2088,volstch01,Christopher Kenneth
2089,vothau01,Austin Lee
2090,vottojo01,Joseph Daniel
2091,wachami01,Michael Joseph
2092,wadats01,Tsuyoshi
2093,wadety01,Tyler Dean
2094,wagnety01,Tyler Joseph
2095,wahlbo01,Robert Martin
2096,wainwad01,Adam Parrish
2097,waldejo01,Jordan Craig
2098,waldema01,Marcus Walter
2099,waldimi01,Mitchell S.
2100,waldrky02,Kyle Michael
2101,walkech02,Christian Dickson
2102,walkene01,Neil Martin
2103,walketa01,Taijuan Emmanuel
2104,wallabr01,Brett Alexander
2105,wallach01,Chad Arthur
2106,walshco02,Colin Patrick
2107,walteza01,Zachary Butler
2108,wangch01,Chien-Ming
2109,wangwe01,Wei-Chung
2110,wardta01,Joseph Taylor
2111,warread01,Adam Parrish
2112,washida01,David Edward
2113,watsoto01,Anthony Michael
2114,weaveje02,Jered David
2115,weavelu01,Luke Allen
2116,webbda01,Robert Wyatt McDaniel
2117,webbry01,Ryan Christopher
2118,webbty01,Jon Tyler
2119,weberry01,James Ryan
2120,webstal01,Carl Allen
2121,weeksje01,Jemile Nykiwa
2122,weeksri01,Rickie Darnell
2123,weissza01,Zachary D.
2124,wendejb01,Jeffrey Benjamin
2125,wendljo01,Joseph Patrick
2126,werthja01,Jayson Richard Gowan
2127,westma03,Matthew Robert O'Neil
2128,whalero01,Robert D.
2129,wheelja01,Jason McDonald
2130,wheelza01,Zachary Harrison
2131,whitety01,Brian Tyler
2132,whitlch01,Chase Coleman
2133,wickro01,Rowan D.
2134,wieckbr01,Bradley Michael
2135,wielajo01,Joseph Andrew
2136,wietema01,Matthew Richard
2137,wilheto01,Thomas Mark
2138,wilkad01,Adam Robert
2139,wilkeaa01,Aaron Daniel
2140,wilkest01,Stephen Beaty
2141,wilkian01,Andrew Robert
2142,williau01,Austen Thomas
2143,willija01,Jackson Thomas
2144,willije02,Jerome Lee
2145,williju02,Justin Paul
2146,willima07,Mason
2147,willima08,Johnathan Mackensey
2148,willini01,Billy Nicholas
2149,willita01,Taylor Grant
2150,willitr01,Trevor Anthony
2151,wilsoal01,William Alexander
2152,wilsobo02,Robert Louis
2153,wilsobr02,Bryse Everett
2154,wilsocj01,Christopher John
2155,wilsojo03,Joshua Aaron
2156,wilsoju10,Justin James
2157,wilsoty01,Philip Tyler
2158,wimmeal01,Alex Michael
2159,wingetr01,Anthony James
2160,winkeje01,Jesse
2161,winklda01,Daniel Allen
2162,wisdopa01,Patrick Ian
2163,wislema01,Matthew Robert
2164,withrch01,Christopher Michael
2165,wittgni01,Nicholas James
2166,wojcias01,Randall Asher
2167,wolfra02,Randall Christopher
2168,wolteto01,Anthony John
2169,wongko01,Kolten Kaha
2170,woodal02,Robert Alexander
2171,woodbl01,Blake Daniel
2172,woodhu01,Hunter Blake
2173,woodrbr01,Brandon Kyle
2174,woodtr01,Travis A.
2175,wootero01,Robert Davis
2176,workmbr01,Brandon Carlin
2177,worleva01,Vance Richard
2178,worthda01,Daniel Weston
2179,wrighda03,David Allen
2180,wrighda04,Daniel Paul
2181,wrighky01,Kyle Hardy
2182,wrighmi01,Dennis Michael
2183,wrighst01,Steven Richard
2184,wrighwe01,Dequam LaWesley
2185,wynnsau01,Robert Austin
2186,yacabji01,James Allin
2187,yarbrry01,Ryan Christian
2188,yateski01,Kirby Kali
2189,yelicch01,Christian Stephen
2190,ynoaga01,Gabriel
2191,ynoami01,Michael Jose
2192,ynoara01,Argelis Rafael
2193,youngch03,Christopher Ryan
2194,youngch04,Christopher Brandon
2195,youngde03,Delmon Damarcus
2196,younger03,Eric Orlando
2197,youngma03,John Madison
2198,zagunma01,Mark Raymond
2199,zagurmi01,Michael Justin
2200,zamorda01,Daniel James
2201,zastrro01,Robert John
2202,zieglbr01,Brad Gregory
2203,zimmebr01,Bradley Clarke
2204,zimmejo02,Jordan M.
2205,zimmery01,Ryan Wallace
2206,zitoba01,Barry William
2207,zobribe01,Benjamin Thomas
2208,zuninmi01,Michael Accorsi
2209,zychto01,Anthony Aaron
